"GID_0","frm_sys","NAME_0","area_sq_km","rural_pop","cropland_area_ha","rural_pop_density_sq_km","cropland_ha_capita"
"AFG","Highland mixed","Afghanistan",186518.952609302,10525693.9873619,767294.426979242,56.4323026701201,0.0728972766926841
"AFG","Pastoral","Afghanistan",316864.322390999,12745662.6355387,1724162.56355198,40.2243538791693,0.135274454758005
"AFG","Sparse (arid)","Afghanistan",83697.5167042015,325128.022441275,115595.757411607,3.88455996359273,0.355539201277201
"AFG","Sparse (mountain)","Afghanistan",46866.661939387,619596.054522055,16591.7794491768,13.2204007898703,0.0267783813794222
"AGO","11. Agro-pastoral","Angola",410438.264751853,6406045.24421288,4670703.23209143,15.6078168006239,0.729108686253952
"AGO","7. Root and tuber crop","Angola",138558.285469966,2305988.97790421,469788.006608475,16.6427360881573,0.203725174365508
"AGO","9. Maize mixed","Angola",643156.936424193,10330266.8397642,9126724.95514971,16.0618136176811,0.883493630582541
"ARG","Cereal-livestock (Campos)","Argentina",287134.373024449,3704739.68883801,10388932.2776662,12.9024597432038,2.80422732775718
"ARG","Extensive dryland mixed (granChac","Argentina",405358.605366002,4284794.78005814,12789565.3274658,10.5703807032525,2.9848723180372
"ARG","High altitude mixed(CentralAndes)","Argentina",312846.77403487,1339740.25845588,1031734.06020447,4.28241672808988,0.770100065063053
"ARG","Pastoral","Argentina",558483.509434586,746908.810726355,94966.7456294255,1.33738740376154,0.127146372175034
"ARG","Temperate mixed (Pampas)","Argentina",1089054.62067498,10093443.0596815,64378379.7802803,9.26807789808164,6.37823777274194
"ARM","Horticulture mixed","Armenia",29666.411103015,1579213.85879192,691915.552136568,53.2323863951115,0.438139235091233
"AZE","Horticulture mixed","Azerbaijan",29325.1743266069,2023276.03994003,1112241.97315501,68.9945102254447,0.549723295882046
"AZE","Irrigated","Azerbaijan",53752.7122602696,4921797.17376405,2794194.28487642,91.5636991475481,0.567718291962751
"BDI","14. Artisanal fishing","Burundi",1836.08004025697,104719.814957619,8319.84803134896,57.0344498396499,0.0794486509999669
"BDI","5. Highland perennial","Burundi",21623.997874396,8960711.97818613,1052343.59157623,414.387387116612,0.117439729581538
"BDI","7. Root and tuber crop","Burundi",3456.98544053282,903286.065238953,160739.469023773,261.292990895481,0.1779496830622
"BEN","11. Agro-pastoral","Benin",11613.8830915792,442122.012757778,572538.39991356,38.0684056548103,1.29497827159136
"BEN","7. Root and tuber crop","Benin",20268.4672821618,3445735.3206296,961430.961330843,170.004730632108,0.279020549133522
"BEN","8. Cereal-root crop mixed","Benin",79838.7742208867,4375119.88767815,2016756.65501443,54.7994371202854,0.46096031806907
"BFA","11. Agro-pastoral","Burkina Faso",144591.262982479,11271376.2274531,4947307.33487107,77.9533700374333,0.438926643475993
"BFA","12. Pastoral","Burkina Faso",23768.1474171244,898537.897621393,470110.181209597,37.8042883129384,0.523194605874801
"BFA","8. Cereal-root crop mixed","Burkina Faso",105058.074167231,7165950.91254064,6472009.87718948,68.209425780392,0.903161346788359
"BGD","Rice-wheat","Bangladesh",33434.3851747929,25938658.8802936,3297505.20278004,775.807862016541,0.127127050708287
"BGD","Rice","Bangladesh",90362.7778746685,57043267.5703875,8745605.69845433,631.269521721714,0.153315300314149
"BLZ","Coastal plantation and mixed","Belize",7248.02602284086,169213.070865814,73069.0448398234,23.3460904158689,0.431816788537378
"BLZ","Dryland mixed","Belize",3998.66170110321,86201.1253106594,105013.915626003,21.5574939202476,1.21824297823891
"BLZ","Maize-beans (Mesoamerica)","Belize",10194.8789713758,115719.399879118,73497.8219782614,11.350737973842,0.63513829189434
"BOL","Extensive dryland mixed (granChac","Bolivia",160748.198932502,1410019.6027826,2327353.93338999,8.77160436102092,1.65058267899048
"BOL","Extensive mixed (CerradosandLlano","Bolivia",65648.5629048997,81351.0585429182,156521.15822165,1.23919024184529,1.92402116241763
"BOL","Forest based","Bolivia",499464.854499483,1645406.00173336,2467217.92050639,3.29433790367939,1.49945844241925
"BOL","High altitude mixed(CentralAndes)","Bolivia",357426.805553576,5289527.5463575,827033.837604758,14.7989111733385,0.156353063738986
"BRA","Cereal-livestock (Campos)","Brazil",439459.790298335,7019482.60902837,25526446.3208129,15.9729803818071,3.63651393451436
"BRA","Dryland mixed","Brazil",1141017.69424778,19159100.4486376,37365594.0404327,16.7912386856265,1.95027914492143
"BRA","Extensive mixed (CerradosandLlano","Brazil",1669463.50127727,9879032.03582835,61757911.114454,5.91748907853937,6.25141318405247
"BRA","Forest based","Brazil",3809768.55211399,9455202.49215149,14195289.9558319,2.48183120911766,1.50132056585938
"BRA","Intensive mixed","Brazil",813115.320536287,31624139.4585013,30390080.747772,38.8925637726807,0.960977318850092
"BTN","Highland mixed","Bhutan",21921.1446465303,688831.081357688,35876.4284582397,31.4231347160386,0.0520830569775208
"BTN","Sparse (mountain)","Bhutan",13738.3142704748,121694.693080768,4619.46984061723,8.85805133620388,0.0379595011390621
"BWA","11. Agro-pastoral","Botswana",238594.095869298,797198.476406044,673023.311215016,3.34123304058098,0.844235571358794
"BWA","12. Pastoral","Botswana",243145.189866654,260366.640498579,687632.687484431,1.07082784833774,2.64101686056123
"BWA","9. Maize mixed","Botswana",96131.5380393371,1109830.33747661,689347.943394662,11.5449139804927,0.621129122278289
"CAF","3. Forest based","Central African Republic",34758.9401312193,456527.260177776,347488.696462541,13.1340961046087,0.761156510844994
"CAF","7. Root and tuber crop","Central African Republic",336577.526091405,2669475.32272145,1130763.50852832,7.93123460654499,0.423590171036136
"CAF","8. Cereal-root crop mixed","Central African Republic",224605.986500339,1164655.98962509,432124.62191052,5.18532924153974,0.371031983486921
"CHN","Lowland rice","China",606239.448073888,216054310.010296,52378906.6326426,356.384446272397,0.242433981669453
"CHN","Pastoral","China",2602119.78388456,44729496.9203683,26405694.2059603,17.1896379241981,0.590341855464421
"CHN","Sparse (arid)","China",2424829.44671061,22020360.4533487,18656646.583807,9.08119970384732,0.847245285713288
"CHN","Temperate mixed","China",854639.594517831,185433964.19862,74220250.7129346,216.973289545797,0.400251653108362
"CHN","Upland intensive mixed","China",1712095.06745941,229527509.368216,66530968.0166457,134.06236238319,0.289860540898889
"CIV","2. Humid lowland tree crop","Côte d'Ivoire",159902.482048392,13245518.5123345,7557640.19523235,82.834977560423,0.570580924272201
"CIV","7. Root and tuber crop","Côte d'Ivoire",50515.3593110182,1335240.81336975,999529.466471988,26.4323728778964,0.748576179265726
"CIV","8. Cereal-root crop mixed","Côte d'Ivoire",94042.0467201258,2845006.52246014,1305437.34778398,30.2524947263965,0.458852145848559
"CMR","11. Agro-pastoral","Cameroon",33358.596473089,4780951.06621945,1426761.76521069,143.319910658601,0.298426347697155
"CMR","2. Humid lowland tree crop","Cameroon",126099.976591098,4213197.72112252,1936898.20310602,33.4115662430657,0.459721648807399
"CMR","3. Forest based","Cameroon",90777.0663744109,914658.921827555,458880.225839455,10.0758810386649,0.501695457059096
"CMR","6. Highland mixed","Cameroon",39149.6533860421,4592209.46942705,1254376.60539792,117.298853814739,0.273153176863777
"CMR","7. Root and tuber crop","Cameroon",89802.5727266333,1650134.68415602,1170254.26493559,18.3751381954186,0.709187120404132
"CMR","8. Cereal-root crop mixed","Cameroon",73992.3755017096,2659797.05770385,1570003.07411819,35.946907227521,0.590271753843334
"COD","3. Forest based","Democratic Republic of the Congo",829522.650661791,16734609.6860895,6031227.23379422,20.1737826842204,0.360404416172768
"COD","7. Root and tuber crop","Democratic Republic of the Congo",1004618.27367504,43209626.0252536,13138550.1560549,43.0109895046866,0.304065352205921
"COD","9. Maize mixed","Democratic Republic of the Congo",414615.575529437,21189412.9835977,4077504.10579213,51.1061673371538,0.192431197076976
"COG","3. Forest based","Republic of Congo",206585.627241102,1692767.01412429,3001184.08709966,8.19402122369671,1.77294575216676
"COG","7. Root and tuber crop","Republic of Congo",128427.685473299,1053040.51284291,4468456.87994478,8.1994821362863,4.24338553497928
"COL","Coastal plantation and mixed","Colombia",210868.792616018,10269809.0552724,4893920.83041817,48.7023657121859,0.476534744129997
"COL","Extensive mixed (CerradosandLlano","Colombia",172749.454561984,1442606.35627144,5570073.97273139,8.35085910939195,3.86111841842137
"COL","Forest based","Colombia",457161.834063949,1337495.88704781,970768.0832262,2.92565080325738,0.725810144634485
"COL","Intensive highland mixed (north A","Colombia",282614.033826199,22693380.3595781,6567307.37075689,80.2981368346836,0.289393085855765
"COM","NA","Comoros",1490.40640229647,645115.923464298,53521.6509452481,432.845646979428,0.0829643929076106
"CRI","Coastal plantation and mixed","Costa Rica",26779.152401234,1088751.58708941,1231065.93889571,40.6566858717767,1.13071333580027
"CRI","Maize-beans (Mesoamerica)","Costa Rica",23696.6397697268,1477531.89130998,775794.839347358,62.3519581538969,0.525061316043433
"CUB","Coastal plantation and mixed","Cuba",103213.633654146,7802068.26890705,6247658.26075238,75.5914503993793,0.800769494116153
"DJI","12. Pastoral","Djibouti",6651.00138943544,140648.828493834,1154.5109848465,21.1470153527922,0.00820846499192216
"DJI","13. Arid pastoral-oases","Djibouti",15148.6206911564,768400.758515179,20370.707437458,50.7241401168466,0.0265105248943551
"DMA","Coastal plantation and mixed","Dominica",691.334738205039,42886.5894460678,94.7542050886631,62.0344777660345,0.00220941339268355
"DOM","Coastal plantation and mixed","Dominican Republic",47512.7028792273,5532812.50040359,2017138.729684,116.449121290099,0.364577460294717
"DZA","Dryland mixed","Algeria",116177.57783159,8885843.18387393,2589206.16187575,76.4850098420432,0.291385534079045
"DZA","Pastoral","Algeria",348741.714360228,2130435.94891765,68305.1170552165,6.10892205088219,0.0320615680043881
"DZA","Sparse (arid)","Algeria",1462709.82208631,2161130.10565666,36075.8782850433,1.4774838269522,0.0166930617414548
"ECU","Coastal plantation and mixed","Ecuador",74377.097867129,5764519.49196902,3790528.77823056,77.5039583053784,0.657561967395795
"ECU","Forest based","Ecuador",78438.8155584097,584811.26748253,167657.784921652,7.45563613268802,0.286686995008455
"ECU","Intensive highland mixed (north A","Ecuador",82403.5532954946,4224538.54763597,771368.352610104,51.2664609557188,0.182592333792707
"EGY","Irrigated","Egypt",52138.8119809448,33605918.838086,3824557.93067994,644.547076568756,0.113806081277133
"EGY","Pastoral","Egypt",317520.657260141,3280597.43206341,689631.118790959,10.3319181195057,0.210215100472477
"EGY","Sparse (arid)","Egypt",556977.02667012,267612.757202712,139446.795152032,0.48047360014583,0.521076785014413
"ERI","11. Agro-pastoral","Eritrea",10953.5469819771,287618.965812683,78258.20494075,26.2580665683846,0.272089862779484
"ERI","12. Pastoral","Eritrea",39240.1444258562,1166442.77915919,221547.959587791,29.7257514269135,0.189934700223778
"ERI","13. Arid pastoral-oases","Eritrea",50298.3231492051,644990.017952725,69993.1741580385,12.8232906699379,0.108518228514924
"ERI","6. Highland mixed","Eritrea",15857.9335673647,1734774.81250191,593850.940554892,109.394758474209,0.342321629456007
"ETH","11. Agro-pastoral","Ethiopia",172112.495571233,10554736.3784967,4000419.68780901,61.3246373743289,0.379016542370412
"ETH","12. Pastoral","Ethiopia",355791.50685287,5147342.69058655,1765973.80731306,14.4673006281601,0.343084560999342
"ETH","5. Highland perennial","Ethiopia",79489.5753546016,16964919.848008,1221014.39565978,213.423203889664,0.0719728950445439
"ETH","6. Highland mixed","Ethiopia",284148.430901034,43143224.4388441,10226569.8197304,151.833407286596,0.237037679792029
"ETH","9. Maize mixed","Ethiopia",187379.428568325,15116671.4036885,3950659.91575545,80.6741247915397,0.26134456523223
"GAB","14. Artisanal fishing","Gabon",25988.7931827027,779490.391792541,253489.083892952,29.993327751415,0.325198471414151
"GAB","3. Forest based","Gabon",148044.775741174,729371.609625883,1534337.85722196,4.92669603486069,2.10364351583272
"GAB","7. Root and tuber crop","Gabon",88522.0618526262,1016987.71229585,1576355.45472796,11.488522646354,1.55002409141144
"GEO","Horticulture mixed","Georgia",68078.6405365438,2404000.93204856,1767521.67328992,35.3121171795156,0.7352416755445
"GHA","14. Artisanal fishing","Ghana",28662.1632810148,3356779.089763,1477729.01041499,117.11534320881,0.440222299680531
"GHA","2. Humid lowland tree crop","Ghana",62618.2619192124,8904883.98824203,3226440.58136241,142.209057155415,0.362322584507848
"GHA","7. Root and tuber crop","Ghana",57805.5070331432,4892638.94426155,2775967.77265186,84.6396683529879,0.567376379961108
"GHA","8. Cereal-root crop mixed","Ghana",89217.0896243364,4642427.58161885,4363752.59232376,52.035182958406,0.939972140782882
"GIN","2. Humid lowland tree crop","Guinea",12497.6878924617,738487.437998295,302692.770110924,59.0899248207128,0.409882084022157
"GIN","7. Root and tuber crop","Guinea",45616.8057257391,1392483.18240392,342225.12399291,30.5256617654449,0.245766073384173
"GIN","8. Cereal-root crop mixed","Guinea",177492.217039861,6242402.62360552,2477895.05595667,35.1700076077343,0.396945728330076
"GMB","1. Irrigated","Gambia",233.345637922055,16321.4831371307,9540.38321107254,69.9455249409147,0.584529183464249
"GMB","8. Cereal-root crop mixed","Gambia",122.161429886461,16976.4767608643,2005.96180333333,138.96756755911,0.118161255223325
"GNB","14. Artisanal fishing","Guinea-Bissau",8478.49985770107,496532.220418811,328600.264469998,58.5636880052322,0.661790415519929
"GNB","8. Cereal-root crop mixed","Guinea-Bissau",24102.0805465557,878613.43532598,435818.317134499,36.4538419672462,0.496029652645595
"GNQ","14. Artisanal fishing","Equatorial Guinea",5547.46891585989,536877.499264359,59889.7829081855,96.7788206490816,0.111552044908285
"GNQ","3. Forest based","Equatorial Guinea",21132.2991879582,662163.487711191,205288.19221537,31.3341904646377,0.310026445168339
"GRD","Coastal plantation and mixed","Grenada",294.865968343716,79580.1722640991,1919.88710368757,269.885917018864,0.0241251941163954
"GTM","Coastal plantation and mixed","Guatemala",40155.3176626272,3040778.79942212,1180241.41854059,75.7254325559024,0.388137874009412
"GTM","Maize-beans (Mesoamerica)","Guatemala",66114.4426163111,11117291.8528627,1840776.30540611,168.152243487567,0.165577762081699
"GUY","Coastal plantation and mixed","Guyana",70864.2981003152,572718.92304392,332742.050498571,8.08191061503469,0.580986653505518
"GUY","Extensive mixed (CerradosandLlano","Guyana",14516.9140735183,21221.0576616973,577173.819287751,1.46181602744405,27.1981646008867
"GUY","Forest based","Guyana",123930.071240188,29304.7753507462,305743.061678736,0.236462184339027,10.4332163621568
"HND","Coastal plantation and mixed","Honduras",34782.7937730748,1215885.0168189,875249.894204805,34.9565082308056,0.719845941102806
"HND","Maize-beans (Mesoamerica)","Honduras",76210.4043333384,6242405.35317373,2551300.44847184,81.9101460985555,0.408704706619976
"HTI","Coastal plantation and mixed","Haiti",25591.2131032117,9016607.40672377,1910361.78064896,352.3321606662,0.211871460570013
"IDN","Sparse (forest)","Indonesia",504339.07749842,7130615.40284599,2034567.36968582,14.138534412631,0.285328440077385
"IDN","Tree crop-mixed","Indonesia",511382.653145798,33717654.3527906,15233842.0692409,65.9342943007054,0.451806104595767
"IND","Dry rainfed","India",177576.763384359,45903919.7883696,17431996.2005516,258.501838379677,0.379749622274485
"IND","Highland mixed","India",249553.686341685,38193086.8458645,4614965.623129,153.045572701223,0.120832485778214
"IND","Rainfed mixed","India",1401891.54612668,359048351.767628,117368511.255431,256.11706751471,0.326887759483131
"IND","Rice-wheat","India",617471.030073276,418123933.974739,59148255.8678569,677.155548374665,0.141461062287409
"IRN","Highland mixed","Iran",547747.136591558,38149311.623468,10678100.2698147,69.6476696543921,0.279902829576772
"IRN","Pastoral","Iran",368801.230865561,7496664.3216027,1727586.09128782,20.3271130739134,0.230447305251421
"IRN","Sparse (arid)","Iran",462795.189079761,4115317.01999006,377238.305528346,8.89230726052513,0.0916668882848926
"IRQ","Dryland mixed","Iraq",65587.9349517652,8247107.16047879,1623364.43603354,125.741223085372,0.196840468353911
"IRQ","Irrigated","Iraq",111276.578526259,19629876.8986527,2818735.4580446,176.406186806152,0.143594148480781
"IRQ","Pastoral","Iraq",61821.8792181963,825764.504393268,74711.0119475852,13.3571563148183,0.0904749617476949
"IRQ","Sparse (arid)","Iraq",137461.056698784,610678.021010545,3123.31971341944,4.44255293591053,0.00511451142166701
"JAM","Coastal plantation and mixed","Jamaica",10695.2830982358,1786188.72498405,263689.958381769,167.007147784492,0.147627154227011
"JOR","Dryland mixed","Jordan",5486.41217956442,1897008.77285337,199882.421155619,345.764902593225,0.105367156976806
"JOR","Pastoral","Jordan",22346.519156108,1127456.51428608,17552.1683300953,50.4533393505229,0.015567933758589
"JOR","Sparse (arid)","Jordan",61211.2511632785,226646.060581483,5023.25252821865,3.70268629172297,0.0221634230717754
"KAZ","Extensive cereal-livestock","Kazakhstan",1416774.09479171,6817768.57140747,96220216.3477085,4.81217760578109,14.1131537892382
"KAZ","Pastoral","Kazakhstan",265733.498702138,4673039.2378897,11574394.2008918,17.585435260188,2.47684507055813
"KAZ","Sparse (arid)","Kazakhstan",936945.615080521,2148144.10743177,4693065.46104071,2.29270949440023,2.18470699652061
"KEN","11. Agro-pastoral","Kenya",60737.9936581995,4831535.67256463,1291344.56475321,79.5471727260846,0.26727414475815
"KEN","12. Pastoral","Kenya",395862.868023048,12528627.8903901,3785564.36370779,31.6489090097246,0.302153148519277
"KEN","5. Highland perennial","Kenya",63868.028907543,16270876.4936446,2002733.7311883,254.757768040701,0.123087021892801
"KEN","9. Maize mixed","Kenya",44994.1358518964,8430798.60192164,1969756.50798922,187.375497768701,0.233638187910247
"KGZ","Irrigated","Kyrgyzstan",48125.4896723646,1690907.42371669,2359113.15166315,35.1353811717717,1.39517582013905
"KGZ","Pastoral","Kyrgyzstan",143574.6237342,2455143.80728897,5227108.78185182,17.1001235694282,2.12904383292469
"KHM","Lowland rice","Cambodia",119069.174961746,13815307.7488631,6835618.92469865,116.027576014545,0.494785859928539
"KHM","Sparse (forest)","Cambodia",21821.2450106391,1133778.1069223,703264.916344094,51.9575352538095,0.620284438419034
"KHM","Tree crop-mixed","Cambodia",22484.5094781876,1091991.52840995,562054.015221744,48.5663932081461,0.514705472157053
"KHM","Upland intensive mixed","Cambodia",8561.97958186613,79443.6965213716,161953.624374666,9.27865988954582,2.03859628222483
"LAO","Highland extensive mixed","Laos",96525.253614758,1906844.06836979,446119.63076324,19.7548723982658,0.233957059291502
"LAO","Lowland rice","Laos",58750.4923295125,3324580.83173136,1501105.51770941,56.5881356888869,0.45151722688832
"LAO","Upland intensive mixed","Laos",58146.131665812,1403230.3057139,431552.775758089,24.1328230359123,0.307542371341912
"LBN","Dryland mixed","Lebanon",2556.60905169979,375353.053790842,65393.7314305425,146.816758526801,0.174219260427229
"LBN","Rainfed mixed","Lebanon",7651.97109091278,3979315.20308537,389451.578582792,520.037929548775,0.0978689947156813
"LBR","14. Artisanal fishing","Liberia",8519.92863539296,545989.996141672,423350.244993177,64.0838696551465,0.775380955667413
"LBR","2. Humid lowland tree crop","Liberia",76870.2894960899,2295377.91084099,3713930.5718301,29.8604041416775,1.61800396975563
"LBR","3. Forest based","Liberia",10241.0580064011,191264.535751939,358287.173408009,18.6762476721049,1.87325461042444
"LBY","Pastoral","Libya",236035.433197537,1353389.00976239,4262.74324949889,5.73383831159685,0.00314968070432852
"LBY","Sparse (arid)","Libya",1283623.88438135,783202.702519814,62353.6588503116,0.610149680174642,0.0796136921510867
"LKA","Coastal artisanal fishing","Sri Lanka",4831.97921581535,1311501.90711269,293101.945596898,271.421264151979,0.223485718173426
"LKA","Highland mixed","Sri Lanka",11076.5397749912,3504399.44177052,484513.357283889,316.380341962282,0.138258599036615
"LKA","Rainfed mixed","Sri Lanka",36344.201752876,4537975.42579281,1982268.01029928,124.861056425148,0.436817704880577
"LKA","Rice","Sri Lanka",11685.7061756484,4499723.22245835,664367.74500668,385.062156691498,0.147646357822807
"LSO","6. Highland mixed","Lesotho",30294.8172497098,1664452.09906231,833417.589602391,54.9418101896045,0.50071587525523
"MAR","Dryland mixed","Morocco",69190.0775533075,6321254.30176274,3242431.36485285,91.3607055418103,0.512941136373625
"MAR","Highland mixed","Morocco",53040.1931165867,2784036.94047503,1035118.92127043,52.4891931361466,0.371805023928242
"MAR","Pastoral","Morocco",162908.154911086,2953648.16918903,449925.631886638,18.1307569949529,0.152328783292484
"MAR","Rainfed mixed","Morocco",65907.5594446284,7312446.04555103,4872780.97073434,110.950035279254,0.666368126394449
"MAR","Sparse (arid)","Morocco",25823.0493832871,273214.171578929,17847.0748535424,10.5802443206322,0.0653226542034864
"MDG","11. Agro-pastoral","Madagascar",193979.016555265,4828689.68927349,3024702.17871549,24.8928454995945,0.626402269219038
"MDG","12. Pastoral","Madagascar",161005.110780859,3943686.86743565,2238713.63139739,24.4941719446616,0.567670230079168
"MDG","2. Humid lowland tree crop","Madagascar",82840.9380089785,6112778.88295194,2594042.83169057,73.7893489604068,0.424363923734449
"MDG","9. Maize mixed","Madagascar",123362.919097192,8265593.85901654,1570759.84179992,67.0022557791818,0.190035933121304
"MEX","Coastal plantation and mixed","Mexico",128277.061070539,8384868.62182126,6602069.21207912,65.3653003260688,0.787378969170431
"MEX","Dryland mixed","Mexico",127975.193713483,2201887.78611052,1476864.89293612,17.2055827556722,0.670726683826561
"MEX","Maize-beans (Mesoamerica)","Mexico",408584.030831164,32007505.3530436,8338239.09917809,78.3376317667926,0.260508871503952
"MEX","Pastoral","Mexico",1111497.04067587,11083715.8850436,14378014.4894921,9.97188069731959,1.29721969045543
"MLI","11. Agro-pastoral","Mali",207895.256339007,8152289.39812559,7552691.44418622,39.213445951994,0.926450359566819
"MLI","12. Pastoral","Mali",164206.566865202,2785617.06326095,1788692.90946269,16.9641026935767,0.642117300706357
"MLI","13. Arid pastoral-oases","Mali",725623.192766945,607886.101062909,277734.140005128,0.837743483287681,0.45688516240049
"MLI","8. Cereal-root crop mixed","Mali",102816.308531361,3633656.39027935,3936131.16740973,35.341245393682,1.08324253716988
"MMR","Highland extensive mixed","Myanmar",184943.387846074,6456782.03488448,1638494.4859199,34.9122080550313,0.253763326230853
"MMR","Lowland rice","Myanmar",84549.3625779384,13290711.482916,6127211.66684542,157.194697602415,0.461014572073241
"MMR","Sparse (forest)","Myanmar",34567.1505018659,131143.878085859,6820.70849766488,3.79388743884978,0.05200935489493
"MMR","Upland intensive mixed","Myanmar",229534.646466464,13696366.0960583,7528193.79629025,59.6701469991781,0.549648990359333
"MNG","Pastoral","Mongolia",2046.37159520615,804.360878442414,54278.849799698,0.393066870321459,67.4807182378201
"MNG","Sparse (arid)","Mongolia",1747.86276227124,1143.44138112152,1390.06213403912,0.654194028160249,1.2156828998752
"MNG","Sparse (forest)","Mongolia",183.475637445725,790.603031165898,17328.8231984444,4.30903547834666,21.9184881860238
"MOZ","11. Agro-pastoral","Mozambique",112864.422823107,1240039.14115279,3388968.6700813,10.9869798660673,2.73295298318631
"MOZ","9. Maize mixed","Mozambique",604261.867190159,20533703.0609089,20286451.7966677,33.9814642886392,0.987958759143065
"MRT","12. Pastoral","Mauritania",138541.789589819,1761477.7747039,1123229.35531167,12.714414761922,0.637663086893325
"MRT","13. Arid pastoral-oases","Mauritania",880791.312509358,741811.227744398,207171.992720487,0.842209973246661,0.279278588638282
"MWI","14. Artisanal fishing","Malawi",29571.3675806986,1535075.53626031,334961.432211307,51.9108739922554,0.21820517902808
"MWI","9. Maize mixed","Malawi",88457.1852621453,14497703.6316716,3567902.28524932,163.89514982539,0.246101201672718
"MYS","Sparse (forest)","Malaysia",58384.6547781268,745620.006974556,365804.892244028,12.7708215422025,0.490604984874703
"MYS","Tree crop-mixed","Malaysia",199124.187336173,12740627.8231305,4267662.14492124,63.9833261522424,0.334964823097126
"MYS","Upland intensive mixed","Malaysia",48307.5107909355,2097846.12252676,653657.217242861,43.4269141211971,0.3115849204686
"NAM","11. Agro-pastoral","Namibia",174830.811599814,1119607.39054712,516858.989710874,6.40394779559731,0.46164306709185
"NAM","12. Pastoral","Namibia",371007.370746261,466263.888882393,47634.534253682,1.25675101264034,0.102162177662652
"NAM","13. Arid pastoral-oases","Namibia",274162.981097837,137351.176890579,4992.94218066733,0.500983671612338,0.0363516519748861
"NER","11. Agro-pastoral","Niger",127864.856643219,12871952.4561977,8188251.8592075,100.668415029114,0.636131300754216
"NER","12. Pastoral","Niger",270737.614416873,6975799.27622791,5577777.42537248,25.76590360838,0.799589725062819
"NER","13. Arid pastoral-oases","Niger",767821.156400433,714856.254642036,52271.6154618596,0.931019220665008,0.0731218550896426
"NGA","11. Agro-pastoral","Nigeria",271994.360005317,44516057.1949065,13263617.9739038,163.66536862763,0.297951319359466
"NGA","2. Humid lowland tree crop","Nigeria",87740.848071215,30672128.1487777,5667081.83478734,349.576381161516,0.184763241966736
"NGA","7. Root and tuber crop","Nigeria",101854.632448636,26286304.926803,6353404.53729213,258.076675501812,0.241700176384009
"NGA","8. Cereal-root crop mixed","Nigeria",352735.828815993,37988588.4744328,18905795.1986489,107.696994098804,0.497670378339351
"NIC","Coastal plantation and mixed","Nicaragua",91922.6352715766,3505583.98608884,2866682.15662971,38.1362433282285,0.817747390450643
"NIC","Maize-beans (Mesoamerica)","Nicaragua",35614.0430916898,1993854.04053909,970425.987920066,55.9850516102827,0.486708639744607
"NPL","Highland mixed","Nepal",76541.1615418737,11647491.1178904,1743820.14572984,152.17290779574,0.149716374803785
"NPL","Rice-wheat","Nepal",28517.0270889583,16877563.8421396,2258280.97683859,591.841631650115,0.133803728900741
"NPL","Sparse (mountain)","Nepal",32341.7220577469,204661.919549577,87368.9440489695,6.3281082925686,0.426893992987325
"PAK","Highland mixed","Pakistan",64814.7705467023,26935846.2253922,3300249.18607223,415.581911317322,0.122522573022455
"PAK","Pastoral","Pakistan",80372.4939203259,3941697.88258708,177082.918173836,49.0428713894896,0.044925543115854
"PAK","Rice-wheat","Pakistan",240987.750606397,117750829.061253,20536031.7364127,488.617486843032,0.174402438608139
"PAK","Sparse (arid)","Pakistan",393606.120290378,15141916.0375496,1957704.17128285,38.4697169504854,0.129290386132643
"PAK","Sparse (mountain)","Pakistan",80650.8382468981,1638498.24157085,69848.122617559,20.3159480693168,0.0426293546403776
"PER","Forest based","Peru",672465.071574123,2406510.71747909,1539789.9540646,3.57864046655371,0.639843381074815
"PER","High altitude mixed(CentralAndes)","Peru",449144.894394383,9426177.16002326,2261137.70434131,20.9869404676932,0.239878549485668
"PER","Irrigated","Peru",99464.7347323178,5537739.37970396,1238553.52560226,55.6754049021221,0.223656882471141
"PHL","Lowland rice","Philippines",38288.4288149068,13072145.9554892,1858791.34463715,341.412441306546,0.142194812616563
"PHL","Upland intensive mixed","Philippines",125216.028301347,22635779.1240324,5921830.36341082,180.773814910954,0.261613719190412
"PNG","Roor-tuber","Papua New Guinea",140811.566103366,2774245.90926696,2055030.98458544,19.7018326408674,0.740753001643044
"PNG","Sparse (forest)","Papua New Guinea",269144.429295852,4994662.55033137,1256422.66657737,18.5575550027122,0.25155306367875
"PRK","Upland intensive mixed","North Korea",116.971394947162,32171.5740869343,10049.8888329958,275.037962071555,0.312384119155592
"PRY","Cereal-livestock (Campos)","Paraguay",201916.540982416,4571498.62514552,4487820.98507518,22.6405355544578,0.98169579673281
"PRY","Extensive dryland mixed (granChac","Paraguay",192504.404993556,124445.80285519,1985559.93792155,0.64645691021645,15.9552181943172
"PSE","Dryland mixed","Palestina",5734.32647658065,1767442.07477623,191163.168003524,308.221389555439,0.108158095097813
"PSE","Pastoral","Palestina",338.983741284941,119824.015607834,20340.8079772033,353.48012607812,0.169755686070276
"RWA","5. Highland perennial","Rwanda",23958.5455629954,11276042.7378696,1093113.59211114,470.648049491189,0.0969412423775247
"SDN","1. Irrigated","Sudan",172390.062988117,14862468.0272322,3954270.68707439,86.2141806181524,0.266057473081124
"SDN","11. Agro-pastoral","Sudan",292734.413165911,7202800.77747726,9869056.90181729,24.605240974504,1.37016935588129
"SDN","12. Pastoral","Sudan",336417.713867174,10052716.2659008,5770387.74519367,29.881649662092,0.574012793414557
"SDN","13. Arid pastoral-oases","Sudan",1009387.6611756,5240998.85842923,59391.2083898732,5.19225572098355,0.0113320399401257
"SEN","11. Agro-pastoral","Senegal",103704.585695107,7848004.11456567,4336085.38330104,75.6765389106215,0.552508041535477
"SEN","12. Pastoral","Senegal",42378.3846980112,1924645.788939,199490.156051528,45.4157420735605,0.103650322151746
"SEN","8. Cereal-root crop mixed","Senegal",40764.8867679264,1592476.67277095,539749.515027217,39.0649109817692,0.33893715635284
"SLE","14. Artisanal fishing","Sierra Leone",10112.8322413605,945214.802535087,606276.688207335,93.4668725808828,0.641416836237951
"SLE","2. Humid lowland tree crop","Sierra Leone",19563.7190078601,1807088.57960606,1132327.97341689,92.3693792003465,0.626603469357178
"SLE","7. Root and tuber crop","Sierra Leone",33740.3236822301,1771420.17060471,1780884.02834545,52.5015760752069,1.00534252567392
"SLE","8. Cereal-root crop mixed","Sierra Leone",8619.67190716757,310257.856225014,130720.089891296,35.9941607483949,0.42132725173119
"SLV","Coastal plantation and mixed","El Salvador",11224.3761245857,3008335.44173992,614625.756301053,268.018053595916,0.204307587436318
"SLV","Maize-beans (Mesoamerica)","El Salvador",8926.48041683309,1346512.94415024,686546.052371586,150.844776583059,0.509869626841837
"SOM","1. Irrigated","Somalia",46108.2996622116,2887642.05489735,1803127.83625102,62.627381101714,0.624429136981495
"SOM","11. Agro-pastoral","Somalia",84438.3847425877,1564081.17389703,727045.565929394,18.5233431296106,0.464838768001986
"SOM","12. Pastoral","Somalia",380794.754267691,4854378.77527568,3298996.41985635,12.7480190335373,0.67959188447733
"SOM","13. Arid pastoral-oases","Somalia",121339.481503108,943406.656666994,136725.776445432,7.77493561848482,0.144927720701565
"SSD","11. Agro-pastoral","South Sudan",35393.4687400791,370958.216445208,1258004.95988391,10.4809793911253,3.39123088292539
"SSD","7. Root and tuber crop","South Sudan",61355.2107280001,1565045.69070899,1467053.64007887,25.5079507044179,0.937387099167862
"SSD","8. Cereal-root crop mixed","South Sudan",407726.568725523,7496553.15013369,5361888.39866449,18.3862267636041,0.715247166435266
"SSD","9. Maize mixed","South Sudan",107538.700926941,6889550.16943294,3235199.08266171,64.0657745541627,0.469580597150654
"SUR","Coastal plantation and mixed","Suriname",85465.8659521592,428274.218941605,453792.596777361,5.01105574921967,1.05958420261397
"SUR","Forest based","Suriname",60130.2173367492,7716.98150658282,195445.083491459,0.128337828273016,25.3266232820098
"SWZ","16. Perennial mixed","Swaziland",17383.2579757979,1018642.65807881,635129.391784629,58.5990646573291,0.623505590255272
"SYR","Dryland mixed","Syria",50285.5367120471,7425332.34878589,2322679.73326217,147.663380651697,0.312804817907167
"SYR","Irrigated","Syria",15091.5746669197,1571464.42750818,459060.949307896,104.128592422683,0.29212302949537
"SYR","Pastoral","Syria",74363.4594874176,2258100.47036941,253527.109890691,30.3657264728449,0.112274503821885
"SYR","Rainfed mixed","Syria",17413.1125160414,5555612.99191141,1438299.46712995,319.047670931514,0.25889122752503
"SYR","Sparse (arid)","Syria",26920.9125111362,62334.1421013689,82.8439611634731,2.31545428022113,0.00132903026127721
"TCD","11. Agro-pastoral","Chad",230730.697034518,4695996.52182096,5017937.7267388,20.3527167480382,1.06855652541944
"TCD","12. Pastoral","Chad",208268.7567175,4003661.24403083,1161584.53813702,19.2235326466248,0.290130574825444
"TCD","13. Arid pastoral-oases","Chad",668813.421182657,1046636.47268561,12287.8568167047,1.56491547498381,0.0117403292713226
"TCD","8. Cereal-root crop mixed","Chad",139692.894551343,5370484.52927776,2921631.48795031,38.4449369921522,0.544016367987419
"TGO","2. Humid lowland tree crop","Togo",3358.65184782164,250862.868140221,85816.1282695189,74.6915368149651,0.342083820159274
"TGO","7. Root and tuber crop","Togo",23348.2693930524,2399895.5297122,974251.362862268,102.786869952182,0.405955738822974
"TGO","8. Cereal-root crop mixed","Togo",28694.9072324303,2567455.20529556,1267280.06750546,89.4742465796816,0.493593837544507
"THA","Highland extensive mixed","Thailand",36266.7859662884,1412377.3400054,420364.199767198,38.944100018079,0.297628819055955
"THA","Lowland rice","Thailand",278939.824662621,34988343.9762708,24759227.1547418,125.433304543693,0.707642155671429
"THA","Sparse (forest)","Thailand",40354.188849913,933023.765678942,737665.779686865,23.1208653245165,0.790618424547933
"THA","Tree crop-mixed","Thailand",61890.2388050457,5831743.6211652,3106444.09017586,94.2271953342304,0.532678439240987
"THA","Upland intensive mixed","Thailand",73216.9521384158,4366826.23826081,2544465.93849145,59.6422837979568,0.582680830347132
"TJK","Pastoral","Tajikistan",140771.04331632,7226292.55886369,2822366.76764904,51.3336577510889,0.390569125821949
"TKM","Pastoral","Turkmenistan",176875.738655456,4829283.39702664,2291870.93134111,27.3032550068035,0.474577849946061
"TKM","Sparse (arid)","Turkmenistan",285536.168782636,2203304.36865765,490609.292719924,7.71637575040421,0.222669777130621
"TLS","Upland intensive mixed","Timor-Leste",14534.6596137966,1119295.07509071,743859.753962681,77.0086885301567,0.664578778658875
"TUN","Dryland mixed","Tunisia",39274.5752133511,3752733.78706282,878704.796949622,95.5512253583105,0.234150581098736
"TUN","Pastoral","Tunisia",43797.4798100118,1146382.31093568,54520.8933257813,26.1746181722908,0.0475590846139988
"TUN","Rainfed mixed","Tunisia",20937.0808792104,1666369.86056657,1710218.3369341,79.589407433641,1.02631377187332
"TUN","Sparse (arid)","Tunisia",47651.8759441449,103288.023699254,904.046017456865,2.16755419703356,0.00875267030076205
"TUR","Horticulture mixed","Turkey",393339.144017702,23934518.1753625,19759496.2179664,60.8495710111307,0.825564821200629
"TUR","Small scale cereal-livestock","Turkey",355625.988428804,11328039.4199948,15855347.8905398,31.8538008710874,1.39965507734321
"TZA","11. Agro-pastoral","Tanzania",322246.64126545,14242460.8129558,10072137.7260408,44.1973910326148,0.707190832982919
"TZA","14. Artisanal fishing","Tanzania",78891.916504938,5776306.08248495,1643251.50017446,73.2179713510116,0.284481375590045
"TZA","5. Highland perennial","Tanzania",105781.757548055,8512875.19452721,2643850.30488609,80.475834320109,0.310570781841812
"TZA","7. Root and tuber crop","Tanzania",48127.5395029877,4102626.57108974,1106081.22781387,85.2448850171336,0.269603194111832
"TZA","9. Maize mixed","Tanzania",384467.081107541,11225322.3964462,9429397.23002741,29.1970963134457,0.840011261771212
"UGA","12. Pastoral","Uganda",12309.0088496628,381115.186781138,537115.380826087,30.9622969189416,1.40932557781943
"UGA","14. Artisanal fishing","Uganda",45267.2138641227,3333276.73209485,628715.165630983,73.635561978704,0.188617752488812
"UGA","5. Highland perennial","Uganda",70228.6781814821,17862480.8067366,3438149.3438504,254.347387267877,0.192478826488298
"UGA","9. Maize mixed","Uganda",103839.016584246,13597275.6298012,6340184.41980604,130.945728080635,0.466283437390227
"UZB","Irrigated","Uzbekistan",23954.9471804127,1674410.76696361,1454969.83288385,69.8983284894376,0.868944384251841
"UZB","NA","Uzbekistan",32087.1087434217,69506.7137790695,85209.9911440105,2.16618812043386,1.22592461233104
"UZB","Pastoral","Uzbekistan",109719.354381161,11420791.7557534,4227553.59523063,104.090949314903,0.370162917391515
"UZB","Sparse (arid)","Uzbekistan",249198.086208421,3708047.17600622,1259433.32415272,14.8799183509978,0.339648678771451
"VCT","Coastal plantation and mixed","Saint Vincent and the Grenadines",315.577320817908,47954.0138664246,1624.71794916976,151.956464241911,0.0338807498720627
"VEN","Coastal plantation and mixed","Venezuela",63206.8516358525,1322714.61248049,977754.459363871,20.9267599674306,0.739202886350736
"VEN","Extensive mixed (CerradosandLlano","Venezuela",330939.907222428,6196958.77759067,14503470.2073357,18.7253294098062,2.34041740922706
"VEN","Forest based","Venezuela",350040.075674461,257972.018240488,1283769.10592112,0.736978523797381,4.97638896914919
"VEN","Intensive highland mixed (north A","Venezuela",54132.5267395094,2838652.86047601,1606221.72296238,52.4389499521399,0.56583943226261
"VEN","Irrigated","Venezuela",45011.5422325346,1454559.31124535,1940087.40471632,32.3152515799378,1.33379738434679
"VNM","Highland extensive mixed","Vietnam",16861.847632829,922747.609992743,348772.902005914,54.723991705168,0.377972154280255
"VNM","Lowland rice","Vietnam",155627.488295939,47297948.7378916,10766124.0945157,303.91770281578,0.227623488582513
"VNM","Upland intensive mixed","Vietnam",127220.152946676,10884114.4625642,3394640.42515676,85.5533829386783,0.311889445561472
"YEM","Highland mixed","Yemen",98597.605635194,16818810.2791691,888014.89001331,170.580311467175,0.052798912364994
"YEM","Pastoral","Yemen",30695.9161414843,474385.072412236,56767.5416085018,15.4543382978273,0.119665531041777
"YEM","Sparse (arid)","Yemen",244456.777799134,1581575.65179158,74557.3303306382,6.46975578272219,0.0471411723152042
"ZAF","12. Pastoral","South Africa",462157.594885,2385271.46819735,2212409.68181413,5.16116470787608,0.927529512389688
"ZAF","13. Arid pastoral-oases","South Africa",92035.9125013263,152261.010800054,32106.0095040369,1.65436520008274,0.210861660088398
"ZAF","16. Perennial mixed","South Africa",270225.133322283,13122422.0820486,7508776.55144198,48.5610717282846,0.572209650359741
"ZAF","9. Maize mixed","South Africa",324930.724575325,12645600.1355328,13365382.9146498,38.9178344155059,1.05691962195566
"ZMB","11. Agro-pastoral","Zambia",121489.638193477,2026030.06325597,4686996.13882319,16.6765667704882,2.31338923534573
"ZMB","9. Maize mixed","Zambia",615000.311200799,12127860.2906752,10688562.608636,19.7200880549074,0.881323032460572
"ZWE","11. Agro-pastoral","Zimbabwe",189867.320903346,3558482.1653757,4958774.72284923,18.7419412063395,1.39350838149436
"ZWE","6. Highland mixed","Zimbabwe",17983.3880074074,959607.694407344,558668.902539461,53.3607846314654,0.582184684215664
"ZWE","9. Maize mixed","Zimbabwe",179712.100493719,7157355.1114011,6570534.82204013,39.8267845723125,0.918011572679101
